Algorithm,Input Size,Input Type,Comparisons,Execution Time (s),Memory Usage (bytes),Memory Usage (KB)
Bubble Sort,80,sorted,79,9.20000093174167e-06,664,0.6484375
Insertion Sort,80,sorted,79,1.219999830937013e-05,664,0.6484375
Merge Sort,80,sorted,240,0.0007733999991614837,2272,2.21875
Quick Sort,80,sorted,570,0.0005268000022624619,704,0.6875
Bubble Sort,80,reverse,3160,0.0009074000008695293,696,0.6796875
Insertion Sort,80,reverse,3160,0.0007832000010239426,696,0.6796875
Merge Sort,80,reverse,272,0.0003775000004679896,2304,2.25
Quick Sort,80,reverse,508,0.00014179999925545417,704,0.6875
Bubble Sort,80,random,3139,0.0008210000014514662,696,0.6796875
Insertion Sort,80,random,1872,0.00044609999895328656,696,0.6796875
Merge Sort,80,random,410,0.00041899999996530823,2176,2.125
Quick Sort,80,random,435,0.00012649999916902743,704,0.6875
Bubble Sort,200,sorted,199,1.5699999494245276e-05,1624,1.5859375
Insertion Sort,200,sorted,199,2.470000254106708e-05,1624,1.5859375
Merge Sort,200,sorted,732,0.001141000000643544,5632,5.5
Quick Sort,200,sorted,1594,0.00033040000198525377,1632,1.59375
Bubble Sort,200,reverse,19900,0.003294000001915265,1624,1.5859375
Insertion Sort,200,reverse,19900,0.002841700003045844,1624,1.5859375
Merge Sort,200,reverse,812,0.0008961999992607161,5632,5.5
Quick Sort,200,reverse,1564,0.000305800000205636,1632,1.59375
Bubble Sort,200,random,19669,0.002528199998778291,1624,1.5859375
Insertion Sort,200,random,10038,0.0014961999986553565,1624,1.5859375
Merge Sort,200,random,1288,0.0010801999997056555,5120,5.0
Quick Sort,200,random,1547,0.0003169999981764704,1632,1.59375
Bubble Sort,500,sorted,499,0.00018289999934495427,4088,3.9921875
Insertion Sort,500,sorted,499,8.95000011951197e-05,4024,3.9296875
Merge Sort,500,sorted,2216,0.0022458999992522877,14064,13.734375
Quick Sort,500,sorted,5060,0.0012611999991349876,4032,3.9375
Bubble Sort,500,reverse,124750,0.027697500001522712,4024,3.9296875
Insertion Sort,500,reverse,124750,0.02049099999931059,4024,3.9296875
Merge Sort,500,reverse,2272,0.002641899998707231,14064,13.734375
Quick Sort,500,reverse,4587,0.000991299999441253,4032,3.9375
Bubble Sort,500,random,124497,0.023457899998902576,4024,3.9296875
Insertion Sort,500,random,67533,0.011781699999119155,4024,3.9296875
Merge Sort,500,random,3844,0.002605300000141142,12488,12.1953125
Quick Sort,500,random,4569,0.0012329000019235536,4032,3.9375
Bubble Sort,1200,sorted,1199,0.0006949999988137279,9688,9.4609375
Insertion Sort,1200,sorted,1199,0.00027380000028642826,9624,9.3984375
Merge Sort,1200,sorted,5920,0.006100300000980496,33632,32.84375
Quick Sort,1200,sorted,13352,0.003136400002404116,9632,9.40625
Bubble Sort,1200,reverse,719400,0.19595720000143046,9624,9.3984375
Insertion Sort,1200,reverse,719400,0.13474919999862323,9624,9.3984375
Merge Sort,1200,reverse,6432,0.00634370000261697,33632,32.84375
Quick Sort,1200,reverse,14622,0.003327700000227196,9632,9.40625
Bubble Sort,1200,random,719364,0.1632261999984621,9624,9.3984375
Insertion Sort,1200,random,372245,0.07093019999956596,9624,9.3984375
Merge Sort,1200,random,10748,0.007542699997429736,30352,29.640625
Quick Sort,1200,random,13165,0.003625199999078177,9632,9.40625
Bubble Sort,3000,sorted,2999,0.0018105000017385464,24088,23.5234375
Insertion Sort,3000,sorted,2999,0.0009508000002824701,24024,23.4609375
Merge Sort,3000,sorted,16828,0.01611119999870425,84032,82.0625
Quick Sort,3000,sorted,40375,0.010199999996984843,24032,23.46875
Bubble Sort,3000,reverse,4498500,1.4356927000008,24024,23.4609375
Insertion Sort,3000,reverse,4498500,0.9554610999985016,24024,23.4609375
Merge Sort,3000,reverse,18076,0.018960199999128236,84032,82.0625
Quick Sort,3000,reverse,38454,0.009519100000034086,24032,23.46875
Bubble Sort,3000,random,4498464,1.1424956999981077,24024,23.4609375
Insertion Sort,3000,random,2321702,0.5462211999983992,24024,23.4609375
Merge Sort,3000,random,30874,0.023820399997930508,75368,73.6015625
Quick Sort,3000,random,39923,0.010344599999370985,24032,23.46875
Bubble Sort,6000,sorted,5999,0.004206699999485863,48128,47.0
Insertion Sort,6000,sorted,5999,0.0016133999997691717,48112,46.984375
Merge Sort,6000,sorted,36656,0.036593199998605996,168032,164.09375
Quick Sort,6000,sorted,79084,0.023000199998932658,48032,46.90625
Bubble Sort,6000,reverse,17997000,6.13785260000077,48064,46.9375
Insertion Sort,6000,reverse,17997000,4.122353400001884,48112,46.984375
Merge Sort,6000,reverse,39162,0.03901580000092508,168032,164.09375
Quick Sort,6000,reverse,83674,0.02418039999975008,48032,46.90625
Bubble Sort,6000,random,17990330,5.011828599999717,48064,46.9375
Insertion Sort,6000,random,9163334,2.323837200001435,48112,46.984375
Merge Sort,6000,random,67785,0.050827099999878556,153080,149.4921875
Quick Sort,6000,random,86938,0.02748280000014347,48032,46.90625
Bubble Sort,10000,sorted,9999,0.008466499999485677,80128,78.25
Insertion Sort,10000,sorted,9999,0.002963300001283642,80112,78.234375
Merge Sort,10000,sorted,64608,0.06779729999834672,280032,273.46875
Quick Sort,10000,sorted,162362,0.045843199997761985,80032,78.15625
Bubble Sort,10000,reverse,49995000,23.827456999999413,80064,78.1875
Insertion Sort,10000,reverse,49995000,15.776703300001827,80112,78.234375
Merge Sort,10000,reverse,69053,0.07902670000112266,280032,273.46875
Quick Sort,10000,reverse,149900,0.0539253999995708,80032,78.15625
Bubble Sort,10000,random,49994504,20.13138610000169,80064,78.1875
Insertion Sort,10000,random,25162010,7.708345199996984,80112,78.234375
Merge Sort,10000,random,120404,0.1524089999984426,248808,242.9765625
Quick Sort,10000,random,155666,0.050848899998527486,80032,78.15625
